Headline,Description,label1,label2,Similarity
installation get year interest,schedule free estimate today receive instant discount,Bad,Bad,0.20535012709710013
affordable quality get free quote,professional installation lifetime warranty unbeatable price,Bad,Bad,0.25698111483056657
shower remodeling classic quality great price,professional installs done little one day get free quote today,Bad,Bad,0.05559847217497666
replacement expert professional installation,save replacement shop replacement sale,Bad,Bad,0.22080810425677913
shower conversion call u today,expert shower conversion fair price convert shower,Bad,Bad,0.035190767153889344
buy new casement classic quality great price,limited time sale receive month free financing project,Bad,Bad,0.07453559924999299
buy new casement classic quality great price,local casement company pa call new casement,Bad,Bad,0.07453559924999299
buy new casement classic quality great price,trusted installers near call u today free consultation,Bad,Bad,0.07453559924999299
buy thermal guard classic quality great price,limited time sale receive month free financing project,Bad,Bad,0.05241874226471676
buy thermal guard classic quality great price,replacement thermal sale visit u thermal,Bad,Bad,0.05241874226471676
buy thermal guard classic quality great price,trusted installers near call u today free consultation,Bad,Bad,0.05241874226471676
custom remodels current installation special,every project take completed customer focused approach,Bad,Bad,0.1920874549819581
efficient remodeling current special,west shore offer remodeling little one day free estimate,Bad,Bad,0.06419958575350938
experienced remodelers free sale event,every project take completed customer focused approach,Bad,Bad,0.09578262852211515
exterior french expert installation pa,beautiful french entry sale near contact u today,Bad,Bad,0.09578262852211515
exterior front entry expert installation,get beautiful new entry right price learn,Bad,Bad,0.14734589232268477
free bay quote new replacement bay,limited time sale receive month free financing project,Bad,Bad,0.2376354103144018
free bay quote new replacement bay,quality bay sale pittsburgh get free bay quote,Bad,Bad,0.2376354103144018
free cost quote processional install,save installation price call sale price,Bad,Bad,0.2713626770646286
free cost quote professional install,save installation price call sale price,Bad,Bad,0.2713626770646286
free cost quote sale fair price,product installation,Bad,Bad,0.18110178933147766
free cost quote sale fair price,product installation month interest,Bad,Bad,0.18110178933147766
free cost quote sale fair price,affordable cost pittsburgh get free estimate,Bad,Bad,0.18110178933147766
free cost quote sale fair price,dollar free financing month,Bad,Bad,0.18110178933147766
free cost quote sale fair price,free installation project free financing,Bad,Bad,0.18110178933147766
free cost quote sale fair price,free installation free financing visa gift card purchase,Bad,Bad,0.18110178933147766
free cost quote sale fair price,free labor free financing year biggest labor day sale ever,Bad,Bad,0.18110178933147766
free cost quote sale fair price,free upgrade triple pane double pane purchase,Bad,Bad,0.18110178933147766
free cost quote sale fair price,limited time sale receive month free financing project,Bad,Bad,0.18110178933147766
free cost quote sale fair price,receive free installation project free financing,Bad,Bad,0.18110178933147766
free cost quote sale fair price,trusted installers near call u today free consultation,Bad,Bad,0.18110178933147766
garden replacement free quote,limited time sale receive month free financing project,Bad,Bad,0.2982793795006522
get installation today,plus month interest get month interest schedule today,Bad,Bad,0.20842004228756245
get product installation today,plus month interest get month interest schedule today,Good,Good,0.20535012709710013
get installs start year saving,addition get year interest payment get free quote,Bad,Bad,0.11814635213770258
get installation start year saving,addition get year interest payment get free quote,Good,Good,0.1920874549819581
get shower installs start year saving,addition get year interest payment get free quote,Bad,Bad,0.11051579279910752
get installation get year interest,schedule free estimate today receive instant discount,Bad,Bad,0.21526542445480878
glass patio installation visit u today,quality patio fair price big patio selection call,Bad,Bad,0.11814635213770258
harrisburg company free sale event,every project take completed customer focused approach,Bad,Bad,0.14734589232268477
holiday sale lifetime warranty,buy one get one plus one year interest,Bad,Bad,0.07021867670200857
holiday sale professional install,buy one get one plus one year interest,Bad,Bad,0.13915674289190738
home installation get free consultation,trusted installation service near schedule appt,Bad,Bad,0.30656066609573895
home show pricing special product install,plus month interest get month interest schedule today,Bad,Bad,0.2772945558875432
home show pricing sale product install,plus month interest get month interest schedule today,Bad,Bad,0.2667891875399663
memorial day sale get installation,also get year interest contact u today free quote,Bad,Bad,0.17614708551003075
memorial day sale get installation,plus free financing schedule free quote today get instant discount,Bad,Bad,0.17614708551003075
memorial day remodeling sale get installation,plus free financing schedule free quote today get instant discount,Good,Good,0.16477051091432687
new year sale lifetime warranty,buy one get one plus one year interest,Bad,Bad,0.08894991799933213
new year sale professional install,buy one get one plus one year interest,Bad,Bad,0.14690006409251194
one day remodels sale,product installation month interest,Bad,Bad,0.035190767153889344
one day remodels free sale,free installation free financing year gift card purchase,Bad,Bad,0.11814635213770258
one day remodels free sale event,free installation free financing visa gift card purchase,Bad,Bad,0.11051579279910752
one day remodels black friday sale,free installation project free financing,Bad,Bad,0.029741626587270104
one day remodels black friday sale extended,receive free installation project free financing,Bad,Bad,0.027820744203732862
one day remodels current sale event,product installation,Bad,Bad,0.029741626587270104
one day remodels current sale event,product installation month interest,Bad,Bad,0.029741626587270104
one day remodels current sale event,dollar free financing month,Bad,Bad,0.029741626587270104
one day remodels current sale event,free installation project free financing,Bad,Bad,0.029741626587270104
one day remodels current sale event,free installation free financing visa gift card purchase,Bad,Bad,0.029741626587270104
one day remodels current sale event,free labor free financing year biggest labor day sale ever,Bad,Bad,0.029741626587270104
one day remodels current sale event,free upgrade premium wall surround purchase,Bad,Bad,0.029741626587270104
one day remodels current sale event,limited time sale receive month free financing project,Bad,Bad,0.029741626587270104
one day remodels current sale event,receive free installation project free financing,Bad,Bad,0.029741626587270104
one day remodels dollar sale,dollar free financing month,Bad,Bad,0.03212462831016178
one day remodels free fall,free upgrade premium wall surround purchase,Bad,Bad,0.11814635213770258
one day remodels independence sale event,receive installation year interest,Bad,Bad,0.029741626587270104
one day remodels labor day sale event,free labor free financing year biggest labor day sale ever,Bad,Bad,0.07095748751868991
one day remodels time,product installation,Bad,Bad,0.035190767153889344
one day remodels save sale,limited time sale receive month free financing project,Bad,Bad,0.03212462831016178
one day remodels pitt current special,product installation,Bad,Bad,0.05559847217497666
one day remodels pitt current special,product installation month interest,Bad,Bad,0.05559847217497666
one day remodels pitt current special,dollar free financing month,Bad,Bad,0.05559847217497666
one day remodels pitt current special,free installation project free financing,Bad,Bad,0.05559847217497666
one day remodels pitt current special,free installation free financing visa gift card purchase,Bad,Bad,0.05559847217497666
one day remodels pitt current special,free labor free financing year biggest labor day sale ever,Bad,Bad,0.05559847217497666
one day remodels pitt current special,free upgrade premium wall surround purchase,Bad,Bad,0.05559847217497666
one day remodels pitt current special,limited time sale receive month free financing project,Bad,Bad,0.05559847217497666
one day remodels pitt current special,receive free installation project free financing,Bad,Bad,0.05559847217497666
one day remodels pitt independence sale event,receive installation year interest,Bad,Bad,0.027820744203732862
one day remodeling current special,product installation,Bad,Bad,0.05943726688767053
one day remodeling current special,product installation month interest,Bad,Bad,0.05943726688767053
one day remodeling current special,dollar free financing month,Bad,Bad,0.05943726688767053
one day remodeling current special,free installation project free financing,Bad,Bad,0.05943726688767053
one day remodeling current special,free installation free financing visa gift card purchase,Bad,Bad,0.05943726688767053
one day remodeling current special,free labor free financing year biggest labor day sale ever,Bad,Bad,0.05943726688767053
one day remodeling current special,free upgrade premium wall surround purchase,Bad,Bad,0.05943726688767053
one day remodeling current special,limited time sale receive month free financing project,Bad,Bad,0.05943726688767053
one day remodeling current special,receive free installation project free financing,Bad,Bad,0.05943726688767053
one day remodeling current special,receive installation year interest,Bad,Bad,0.05943726688767053
one day remodeling current special,west shore offer remodeling little one day free estimate,Bad,Bad,0.05943726688767053
one day remodeling independence sale event,receive installation year interest,Bad,Bad,0.029741626587270104
pa remodeling get beautiful new,trusted remodeling near visit u remodel project,Bad,Bad,0.09578262852211515
pa replacement classic quality great price,save replacement shop replacement sale,Bad,Bad,0.15534712747612348
patio classic quality great price,save request free quote,Bad,Bad,0.08333333333333333
patio pittsburgh current install saving,quality patio fair price big patio selection free estimate,Bad,Bad,0.14690006409251194
pay nothing month save next,take advantage fantastic offer scheduling free estimate today,Bad,Bad,0.11814635213770258
pay nothing month save big next project,take advantage fantastic offer scheduling free estimate today,Good,Good,0.19532540009559363
pennsylvania installers new year sale,free professional installation limited time,Bad,Bad,0.03212462831016178
pittsburgh remodeling classic quality great price,take advantage fantastic offer scheduling free estimate today,Bad,Bad,0.05559847217497666
pittsburgh remodeling current special,west shore offer remodeling little one day free estimate,Bad,Bad,0.035190767153889344
president day sale get installs,addition get year interest payment get free quote,Bad,Bad,0.09578262852211515
president day sale get installation,addition get year interest payment get free quote,Good,Good,0.17614708551003075
president day sale get shower installs,addition get year interest payment get free quote,Bad,Bad,0.08867748269482187
professional remodels west shore,high quality service low price contact u today free quote,Bad,Bad,0.035190767153889344
replacement bow classic quality great price,product installation,Bad,Bad,0.17180824278583556
replacement bow classic quality great price,product installation month interest,Bad,Bad,0.17180824278583556
replacement bow classic quality great price,dollar free financing month,Bad,Bad,0.17180824278583556
replacement bow classic quality great price,free installation project free financing,Bad,Bad,0.17180824278583556
replacement bow classic quality great price,free installation free financing visa gift card purchase,Bad,Bad,0.17180824278583556
replacement bow classic quality great price,free labor free financing year biggest labor day sale ever,Bad,Bad,0.17180824278583556
replacement bow classic quality great price,free upgrade triple pane double pane purchase,Bad,Bad,0.17180824278583556
replacement bow classic quality great price,limited time sale receive month free financing project,Bad,Bad,0.17180824278583556
replacement bow classic quality great price,receive free installation project free financing,Bad,Bad,0.17180824278583556
replacement bow classic quality great price,save new bow cost local bow deal shop,Bad,Bad,0.17180824278583556
replacement bow classic quality great price,trusted installers near call u today free consultation,Bad,Bad,0.17180824278583556
replacement install sale,product installation month interest,Bad,Bad,0.2750050355386962
replacement install free sale,free installation free financing year gift card purchase,Bad,Bad,0.31747651400212334
replacement install free sale event,free installation free financing visa gift card purchase,Bad,Bad,0.29697208593582136
replacement install black friday sale,free installation project free financing,Bad,Bad,0.232421675857296
replacement install black friday sale extended,receive free installation project free financing,Bad,Bad,0.21741057007945758
replacement install dollar sale,dollar free financing month,Bad,Bad,0.25104410232008967
replacement install free fall,free storm purchase premium entry,Bad,Bad,0.31747651400212334
replacement install free fall,customizer,Bad,Bad,0.31747651400212334
replacement install labor day sale event,free labor free financing year biggest labor day sale ever,Bad,Bad,0.2554672217464491
replacement install time,product installation,Bad,Bad,0.2750050355386962
replacement install save sale,limited time sale receive month free financing project,Bad,Bad,0.25104410232008967
replacement entry quality great price,huge selection entry fit style get free obligation quote,Bad,Bad,0.20650749137663102
replacement french classic quality great price,beautiful french professionally installed affordable price,Bad,Bad,0.15534712747612348
replacement sliding quality great price,huge selection entry fit style get free obligation quote,Bad,Bad,0.18110178933147766
replacement vinyl classic quality great price,limited time sale receive month free financing project,Bad,Bad,0.17180824278583556
replacement vinyl classic quality great price,save vinyl price vinyl installation act,Bad,Bad,0.17180824278583556
replacement vinyl classic quality great price,trusted installers near call u today free consultation,Bad,Bad,0.17180824278583556
replacement install sale,trusted installers near call u today free consultation,Bad,Bad,0.2750050355386962
replacement install free sale event,trusted installers near call u today free consultation,Bad,Bad,0.29697208593582136
replacement install black friday sale,trusted installers near call u today free consultation,Bad,Bad,0.232421675857296
replacement install black friday sale extended,trusted installers near call u today free consultation,Bad,Bad,0.21741057007945758
replacement install dollar sale,trusted installers near call u today free consultation,Bad,Bad,0.25104410232008967
replacement install free fall,free upgrade triple pane double pane purchase,Bad,Bad,0.31747651400212334
replacement install free fall,trusted installers near call u today free consultation,Bad,Bad,0.31747651400212334
replacement install labor day sale event,trusted installers near call u today free consultation,Bad,Bad,0.2554672217464491
replacement install time,trusted installers near call u today free consultation,Bad,Bad,0.2750050355386962
replacement install save sale,trusted installers near call u today free consultation,Bad,Bad,0.25104410232008967
replacement holiday sale,buy one get one plus one year interest,Bad,Bad,0.15558196831688278
replacement pa replacement company,product installation,Bad,Bad,0.2338421688774671
replacement pa replacement company,product installation month interest,Bad,Bad,0.2338421688774671
replacement pa replacement company,dollar free financing month,Bad,Bad,0.2338421688774671
replacement pa replacement company,free installation project free financing,Bad,Bad,0.2338421688774671
replacement pa replacement company,free installation free financing visa gift card purchase,Bad,Bad,0.2338421688774671
replacement pa replacement company,free labor free financing year biggest labor day sale ever,Bad,Bad,0.2338421688774671
replacement pa replacement company,free upgrade triple pane double pane purchase,Bad,Bad,0.2338421688774671
replacement pa replacement company,limited time sale receive month free financing project,Bad,Bad,0.2338421688774671
replacement pa replacement company,quality replacement home get free quote,Bad,Bad,0.2338421688774671
replacement pa replacement company,receive free installation project free financing,Bad,Bad,0.2338421688774671
replacement pa replacement company,trusted installers near call u today free consultation,Bad,Bad,0.2338421688774671
replacement new year sale,buy one get one plus one year interest,Bad,Bad,0.15867020399384424
replacement pa trusted replacement expert,product installation,Bad,Bad,0.1876389138371134
replacement pa trusted replacement expert,product installation month interest,Bad,Bad,0.1876389138371134
replacement pa trusted replacement expert,dollar free financing month,Bad,Bad,0.1876389138371134
replacement pa trusted replacement expert,free installation project free financing,Bad,Bad,0.1876389138371134
replacement pa trusted replacement expert,free installation free financing visa gift card purchase,Bad,Bad,0.1876389138371134
replacement pa trusted replacement expert,free labor free financing year biggest labor day sale ever,Bad,Bad,0.1876389138371134
replacement pa trusted replacement expert,free upgrade triple pane double pane purchase,Bad,Bad,0.1876389138371134
replacement pa trusted replacement expert,get quality replacement home call free quote today,Bad,Bad,0.1876389138371134
replacement pa trusted replacement expert,limited time sale receive month free financing project,Bad,Bad,0.1876389138371134
replacement pa trusted replacement expert,receive free installation project free financing,Bad,Bad,0.1876389138371134
replacement pa trusted replacement expert,trusted installers near call u today free consultation,Bad,Bad,0.1876389138371134
save project start year saving,trusted remodeling near call u remodel project,Bad,Bad,0.14690006409251194
save brand new start year saving,trusted installers near call u next project,Bad,Bad,0.029741626587270104
save project start year saving,trusted installers near call u today free consultation,Bad,Bad,0.14690006409251194
save project start year saving,trusted home remodeling near call u remodeling project,Good,Good,0.14690006409251194
save next project get month interest,schedule today double sale save year interest,Bad,Bad,0.2667891875399663
save west shore pa west shore central pa,get quality home west shore get free quote,Bad,Bad,0.03709432560497715
save shower local shower replacement pa,local shower installation get replacement shower save,Bad,Bad,0.10372131221125519
save installation buy u,local installation top rated service get new today,Bad,Bad,0.11730928305086626
shower conversion west shore home,convert old fresh new shower free estimate,Bad,Bad,0.11814635213770258
walk professional installation,get free obligation walk see affordable,Bad,Bad,0.11730928305086626
west shore home pa experienced remodelers,quality product affordable price get free obligation quote,Bad,Bad,0.11051579279910752
west shore home pa experienced installers,quality product affordable price get free obligation quote,Bad,Bad,0.11051579279910752
west shore home pa experienced home remodelers,quality product affordable price get free obligation quote,Good,Good,0.1461986518457907
west shore home pa quality home remodeling,contact u get free obligation quote,Good,Good,0.1461986518457907
west shore home oh installation company,quality replacement home get free quote,Bad,Bad,0.22023395290457834
west shore home remodeling expert remodelers,contact u get free obligation quote,Good,Good,0.11051579279910752
west shore home remodeling replacement installers,contact u get free obligation quote,Good,Good,0.20589104972858213
west shore home remodeling installation company,product installation,Bad,Bad,0.22023395290457834
west shore home remodeling installation company,product installation month interest,Bad,Bad,0.22023395290457834
west shore home remodeling installation company,dollar free financing month,Bad,Bad,0.22023395290457834
west shore home remodeling installation company,free installation project free financing,Bad,Bad,0.22023395290457834
west shore home remodeling installation company,free installation free financing visa gift card purchase,Bad,Bad,0.22023395290457834
west shore home remodeling installation company,receive free installation project free financing,Bad,Bad,0.22023395290457834
west shore home remodeling installation company,trusted installers near call u today free consultation,Bad,Bad,0.22023395290457834
west shore installation company,dollar free financing month,Bad,Bad,0.17668086578057068
west shore installation company,free labor free financing year biggest labor day sale ever,Bad,Bad,0.17668086578057068
west shore installation company,free upgrade triple pane double pane purchase,Bad,Bad,0.17668086578057068
west shore installation company,limited time sale receive month free financing project,Bad,Bad,0.17668086578057068
west shore installation company,trusted installers near call u today free consultation,Bad,Bad,0.17668086578057068
installation company bay,trusted installers near call u today free consultation,Bad,Bad,0.19083714624901355
installation company replacement garden,trusted installers near call u today free consultation,Bad,Bad,0.2721655269759087
installation pa trusted installation expert,get quality installation home call free quote today,Bad,Bad,0.14148031865648059
installation pa trusted installation expert,limited time sale receive month free financing project,Bad,Bad,0.14148031865648059
installation pa trusted installation expert,trusted installers near call u today free consultation,Bad,Bad,0.14148031865648059
choice sale get project,trusted remodeling near call u remodel project,Bad,Bad,0.22080810425677913
choice sale get project,trusted home remodeling near call u remodeling project,Good,Good,0.22080810425677913
choice sale get project,trusted installers near call u today free consultation,Bad,Bad,0.22080810425677913
choice sale get install,trusted installers near call u next project,Bad,Bad,0.22080810425677913
customizer home remodeling sale,product installation month interest,Good,Good,0.10492461251740035
customizer home remodeling free sale,free installation free financing year gift card purchase,Good,Good,0.17614708551003075
customizer home remodeling free sale event,free installation free financing visa gift card purchase,Good,Good,0.16477051091432687
customizer home remodeling black friday sale,free installation project free financing,Good,Good,0.08867748269482187
customizer home remodeling black friday sale extended,receive free installation project free financing,Good,Good,0.08295018954139965
customizer home remodeling dollar sale,dollar free financing month,Good,Good,0.09578262852211515
customizer home remodeling free fall,customizer,Good,Good,0.17614708551003075
customizer home remodeling labor day sale event,free labor free financing year biggest labor day sale ever,Good,Good,0.12994686259757507
customizer home remodeling time,product installation,Good,Good,0.10492461251740035
customizer home remodeling save sale,limited time sale receive month free financing project,Good,Good,0.09578262852211515
free sale,free installation free financing year gift card purchase,Good,Bad,0.13545709229571928
keyword professional remodeling classic quality great price,get best quality best price request free quote today,Bad,Bad,0.05241874226471676
keyword replacement classic quality great price,replacement sale shop replacement sale,Bad,Bad,0.15534712747612348
keyword replacement rate free quote,classic great price see online gallery photo,Bad,Bad,0.2713626770646286
premier quality company company,local energy efficient specialist free est obligation call u,Good,Good,0.0993042049238722
company visit gallery showroom,trusted name since schedule free estimate today,Good,Good,0.11850876511204861
energy efficient feldco,hurry offer end monday get free quote deal end,Good,Good,0.1052469623168435
superior quality service,find perfect home call today free quote,Good,Good,0.19316685232156394
home replacement high quality installation,year experience replacement industry,Good,Good,0.2713626770646286
naperville repair usa board glass service,naperville area repair replacement call year service warranty onsite within hour,Good,Good,0.14602041508114227
home repair naperville bbb company,best price quality repair repair glass u quote year experience service broken glass replacement wood repair defogging commercial glass repair glass repair replacement,Good,Good,0.14734589232268477
home repair service glass replacement freequote,fully insured rated best price repair american brand save time day save save money service repair frame repair wooden equipment repair wooden sash repair sill rotten wood mold repair,Good,Good,0.3034572967243526
premium repair service get free quote call,high end repair restoration type property material,Good,Good,0.32779544953144846
satisfaction guaranteed,come wood repair spot call labor warranty schedule flexibility free instant quote lowest price find local professional always time highest quality service wood repair wood repair glass replacement,Good,Good,0.04543108504242547
repair expert free estimate,licensed handyman expert connection home improvement call background checked fully insured professional friendly guaranteed work award winning remodeling transparent pricing service carpentry deck drywall electrical fence maintenance install,Good,Good,0.10492461251740035
installation premier quality,need new installed free est obligation financing avail call specializing home lot brand carried top line service,Good,Good,0.11730928305086626
local installation money interest,beautiful custom beldon call lifetime warranty rapid installation time free quote day family owned operated bogo,Good,Good,0.10492461251740035
home installation save get free quote,replacement company chicago contact u today competitive pricing fully insured,Good,Good,0.34435022157509093
quality installation feldco,hurry offer end monday get free quote deal end free easy quote financing available lower energy bill served year service style double hung casement bay bow sliding awning picture garden basement,Good,Good,0.11730928305086626
replacement call today,buy get free financing expert installation midwest largest dealer free consultation service siding stone roofing gutter decking attic insulation closet organizer,Good,Good,0.17381449986274955
top naperville installers get multiple free quote today,find naperville installers shop multiple quote save big act right lowest cost payment month save electric bill custom sizing available interest brand andersen pella marvin milgard simonton,Good,Good,0.20935894733965593
work chicago il,classic quality great price call quote,Good,Good,0.07850686719788597
cheapest hurry get free quote,miss limited time deal high quality get started right,Good,Good,0.24549512651549138
find cheap zip cheap replacement,find cheap replacement price zip code compare price today,Good,Good,0.11001306482721841
special recommended company,bbb rated year experience best special chicagoland,Good,Good,0.1052469623168435
inexpensive replacement inexpensive replacement,find best result inexpensive replacement,Good,Good,0.17965058257760821
company lifetime warranty,beautiful custom beldon get free estimate,Good,Good,0.14000656296146183
contractor quality siding,trusted reliable contractor call specialist today est,Good,Good,0.15558196831688278
contractor family owned widow replacement,wide variety quality installation get free quote today,Good,Good,0.1270321451847406
energy efficient top contractor,expert help find right solution home,Good,Good,0.09607689228305229
top chicago pro get multiple free quote today,shop chicago installers save big get multiple free quote today,Good,Good,0.20935894733965593
contractor near enter zip get free quote,help quickly find quality local contractor,Good,Good,0.21957751641341994
premier company quality siding,premier quality siding call expert estimate today,Good,Good,0.18997427605839107
special limited time offer,qualifying installation apr month,Good,Good,0.1276126454445393
trustworthy company feldco,hurry offer end monday get free quote deal end,Good,Good,0.07850686719788597
top naperville pro compare multiple quote free,find naperville replacement pro free insurance every project,Good,Good,0.15534712747612348
top home company find company zip,find top replacement company zip code compare price today,Good,Good,0.15137125538162838
best replacement end monday,money interest year get free quote,Good,Good,0.13915674289190738
replacement deal save get free quote,installation company chicago see customer say,Good,Good,0.3134578344107679
replacement call today,buy get free financing expert installation midwest largest dealer,Good,Good,0.17381449986274955
replacement option,qualifying installation apr month,Good,Good,0.17965058257760821
replacement cost find cost zip code,find replacement cost zip code compare replacement cost today,Good,Good,0.10372131221125519
top quality perfect home,award winning energy efficient get free quote,Good,Good,0.10492461251740035
cheap replacement free quote naperville pro,smart shop replacement price compare naperville contractor,Good,Good,0.2558431854844454
save replacement get free quote,replacement company chicago contact u today,Good,Good,0.3304135690539768
need new call carmody every,get per install six,Good,Good,0.03212462831016178
sale buy get free,midwest largest dealer free quote financing payment,Good,Good,0.19026059766179765
energy efficient new comprehensive warranty,high energy top quality best lifetime warranty get quote,Good,Good,0.13825031590233275
cheap new special offer discount,smart shop new price compare contractor save,Good,Good,0.11814635213770258
new price find new price zip,find new price zip code compare new price today,Good,Good,0.042061011686753615
replacement naperville premium quality guaranteed,protect home stylish affordable replacement prompt service,Good,Good,0.14690006409251194
home replacement competitive pricing,premium quality give upgrade afford,Good,Good,0.2900989043238912
replacement carmody save money,get per trusted local pro business year,Good,Good,0.13915674289190738
replacement naperville start saving month,protect home stylish affordable replacement prompt service,Good,Good,0.20442858111359918
big replacement saving carmody construction,get per trusted local pro business year,Good,Good,0.1270321451847406
replacement option,find perfect home call today free quote,Good,Good,0.17965058257760821
replacement illinois energy,limited time interest month,Good,Good,0.20810639268578876
top energy efficient,find perfect home call today free quote,Good,Good,0.1052469623168435
installing installation service,trust vinyl installation book consultation,Good,Good,0.27459972207518757
vinyl replacement installed best price,replacement company chicago contact u today,Good,Good,0.18110178933147766
local installation get free quote,top rated installation contractor chicago great service call,Good,Good,0.30656066609573895
premier quality company installation,local energy efficient specialist free est obligation call u,Good,Good,0.1591517535198076
vinyl feldco end monday,hurry offer end monday get free quote deal end,Good,Good,0.035190767153889344
professional installation,find perfect home call today free quote,Good,Good,0.13545709229571928
vinyl deal special offer discount,smart shop vinyl price compare contractor save,Good,Good,0.13803940759355818
buy casement quality great price,trusted name since tech certified call quote,Good,Good,0.08333333333333333
casement feldco energy efficient beautiful,get free quote see many homeowner choose feldco,Good,Good,0.11085479909473865
vinyl casement low price guaranteed,low maintenance excellent weather resistance request estimate today,Good,Good,0.10467582293051463
casement sale quick price search zipcode,get free casement quote instantly compare price save,Good,Good,0.05559847217497666
home casement naperville top il price,naperville casement quote enter zipcode save today,Good,Good,0.1723280873710658
buy replacement online replacing old,get type replacement money back guarantee shop,Good,Good,0.1270321451847406
best replacement end monday,money interest year get free quote professional installation,Good,Good,0.13915674289190738
replacement sale,beautiful custom beldon call bogo year experience lifetime warranty rapid installation time free quote day family owned operated service installation repair replacement,Good,Good,0.17965058257760821
replacement naperville premium quality guaranteed,protect home stylish affordable replacement prompt service family owned operated workmanship guaranteed since energy certified energy efficient,Good,Good,0.14690006409251194
replacement option,qualifying installation apr month limited time promotion free quote special financing option professional installation style bay bow sliding casement double hung awning,Good,Good,0.17965058257760821
casement option,find perfect home call today free quote,Good,Good,0.04543108504242547
casement cost quality great price,trusted name since tech certified call quote,Good,Good,0.08333333333333333
casement cost special offer discount,smart shop local price compare contractor save,Good,Good,0.13803940759355818
casement price deal get exclusive free quote,competing quote ensure get best deal sent directly,Good,Good,0.24462571584083903
casement cost make replacing easy,find casement cost zip code compare casement cost today,Good,Good,0.03212462831016178
casement quality great price,trusted name since tech certified call quote,Good,Good,0.0890870806374748
premier quality company contractor,local energy efficient specialist free est obligation call u specializing home lot brand carried top line service,Good,Good,0.07021867670200857
home installation save get free quote,replacement company chicago contact u today fully insured quality workmanship yr service installation warranty top quality financing available,Good,Good,0.34435022157509093
cost estimator get instant free estimate,save big flawless efficient compare deal installation cost,Good,Good,0.16477051091432687
free estimate top quality,award winning energy efficient get free quote,Good,Good,0.10492461251740035
replacement sale,beautiful custom beldon call free quote day year experience family owned operated bogo lifetime warranty rapid installation time service installation repair replacement,Good,Good,0.17965058257760821
best replacement end monday,money interest year get free quote free estimate professional installation style double hung casement bay bow sliding awning picture garden basement,Good,Good,0.13915674289190738
replacement naperville premium quality guaranteed,protect home stylish affordable replacement prompt service since,Good,Good,0.14690006409251194
estimate deal special offer discount,smart shop local estimate compare contractor save,Good,Good,0.11814635213770258
free estimate top quality,making home beautiful energy efficient free estimate,Good,Good,0.10492461251740035
replacement low cost,plenty option choose,Good,Good,0.15558196831688278
replacement sale,beautiful custom beldon call,Good,Good,0.17965058257760821
replacement help home home service,get replacement help home depot expert rely,Good,Good,0.34369745106768995
special offer pricing,qualifying installation apr month special financing option limited time promotion free quote professional installation,Good,Good,0.22180348768356728
energy efficient feldco,hurry offer end monday get free quote deal end financing available lower energy bill served year service free easy quote style double hung casement bay bow sliding awning picture garden basement,Good,Good,0.1052469623168435
sale buy get free,midwest largest dealer free quote financing payment free consultation expert installation service siding stone roofing gutter,Good,Good,0.19026059766179765
home price get instant free estimate,save big flawless efficient compare deal installation cost lowest cost custom sizing available interest payment month energy efficient save electric bill service replacement new,Good,Good,0.2437936915541597
home replacement high quality installation,year experience replacement industry top quality installation warranty financing available better business bureau fully insured competitive pricing quality workmanship yr service free consultation,Good,Good,0.2713626770646286
replacement price find price zip code,find replacement price zip compare replacement price today top brand local deal find dealer free quote top rated compare price,Good,Good,0.1293542121493929
company world western chicago,quality product professional installation unbeatable value call today,Good,Good,0.07021867670200857
work chicago il,classic quality great price call quote friendly service beautiful durable affordable professional reliable destination cook county lake county dupage county county kane county,Good,Good,0.07850686719788597
top quality perfect home,award winning energy efficient get free quote comprehensive warranty high quality product durable free home estimate rate assurance bbb rating beautiful price assurance guarantee type slider slider basement hopper,Good,Good,0.10492461251740035
special limited time promotion,find perfect home call today free quote,Good,Good,0.035190767153889344
cheap sale special offer discount,smart shop local price compare contractor save,Good,Good,0.11814635213770258
replacement price find price zip code,find replacement price zip compare replacement price today,Good,Good,0.1293542121493929
replacement affordable replacement,protect home stylish affordable replacement,Good,Good,0.2212297407386972
sunrise price find sunrise price,find sunrise price zip code compare sunrise price today,Good,Good,0.043648774639232994
best replacement end monday,money interest year get free quote professional installation free estimate style double hung casement bay bow sliding awning picture garden basement,Good,Good,0.13915674289190738
replacement contractor home home service,get replaced home depot expert rely free estimate,Good,Good,0.31561466632307994
replacement big saving carmody,call local pro serving neighborhood year highly rated,Good,Good,0.13915674289190738
replacement option,qualifying installation apr month free quote professional installation limited time promotion special financing option,Good,Good,0.17965058257760821
home repair naperville glass replacement freequote,fully insured rated best price repair american brand day,Good,Good,0.19122542764785352
renewal sale save project,replacement schedule consultation today,Good,Good,0.13915674289190738
andersen replacement save today,resource replacement chicago contact u today,Good,Good,0.13915674289190738
andersen free consultation,top quality pro installation start home,Good,Good,0.11730928305086626
andersen deal special offer discount,shop naperville andersen price compare contractor save big,Good,Good,0.11814635213770258
naperville kolbe special offer discount,shop naperville kolbe price compare contractor save,Good,Good,0.11814635213770258
chicago friendly service,experience high quality product backed quality service,Good,Good,0.19316685232156394
special offer discount,huge discount newpellawindows promo ending soon instant quote,Good,Good,0.13979264906576608
renewal save replacement,get replacement hassle free process,Good,Good,0.15558196831688278
napervillemarvin special offer discount,find napervillemarvin deal act right get multiple free quote,Good,Good,0.1276126454445393
top vinyl affordable style,find home price zip code get new price today free quote find dealer,Good,Good,0.06419958575350938
sale buy get free,midwest largest dealer free quote financing payment expert installation free consultation service siding stone roofing gutter decking attic insulation closet organizer,Good,Good,0.19026059766179765
replacement price make replacing easy,find home price zip code compare replacement price today local deal free quote top brand amenity free estimate compare multiple quote find local deal review top brand,Good,Good,0.14690006409251194
home replacement competitive pricing,premium quality give upgrade afford quality workmanship top quality fully insured installation warranty financing available free consultation yr service better business bureau step consultation measure manufacture,Good,Good,0.2900989043238912
bartlett company,classic quality great price get buying guide reliable beautiful durable professional friendly service affordable service installation replacement financing,Good,Good,0.09065192181986732
bartlett hurry get free quote,miss limited time deal high quality get started right energy efficient top contractor exclusive price price match guarantee get free quote,Good,Good,0.24549512651549138
elgin winner super service award,chicago specialist since call free consultation visit showroom serving chicagoland since service replacement repair patio,Good,Good,0.17509387974295532
elgin company,classic quality great price get buying guide professional friendly service beautiful reliable,Good,Good,0.09065192181986732
elgin hurry get free quote,miss limited time deal high quality get started right compare installation cost energy efficient top contractor compare quote durable price match guarantee top brand exclusive price energy efficient,Good,Good,0.24549512651549138
joliet winner super service award,chicago specialist since call free consultation,Good,Good,0.17509387974295532
lombard company classic quality great price,get buying guide,Good,Good,0.10451490688928274
lombard hurry get free quote,miss limited time deal high quality get started right,Good,Good,0.24549512651549138
premier quality company installation near,local energy efficient specialist free est obligation call u,Good,Good,0.14734589232268477
home installation save get free quote,replacement company chicago contact u today,Good,Good,0.34435022157509093
local installation sale,beautiful custom beldon call,Good,Good,0.11730928305086626
home glass repair near fix home glass,repair home since best price quality repair year experience service broken glass replacement wood repair defogging commercial glass repair glass repair replacement,Good,Good,0.12115650656307654
chicago repair company usa board glass service,chicago area repair replacement call year service warranty minute response time onsite within hour labor quality guarantee hour emergency support highlight multiple payment option available bbb accredited business,Good,Good,0.17975328367998056
vinyl style option,qualifying installation apr month,Good,Good,0.039344473768231684
vinyl replacement,vinyl professional service call,Good,Good,0.19433051858411793
discount vinyl hurry get free quote,miss limited time deal high quality get started right,Good,Good,0.2437936915541597
orland replacement luxury vinyl,learn efficient offer double lifetime warranty,Good,Good,0.20504156174308183
replacement sell install,expert trust call u free estimate,Good,Good,0.2750050355386962
replacement transform home,recognized power outstanding customer satisfaction,Good,Good,0.2418831591627808
top rated replacement look,make right replacement decision discover beauty better keep original character quality customer service material matter replacement done right improve home,Good,Good,0.15867020399384424
replacement contractor home home service,get replaced home depot expert rely free estimate min labor warranty special financing licensed insured pro free consult type vinyl wood storm,Good,Good,0.31561466632307994
replacement option,qualifying installation apr month limited time promotion,Good,Good,0.17965058257760821
home replacement cost,estimate installation licensed professional guaranteed,Good,Good,0.2418831591627808
special offer pricing,qualifying installation apr month,Good,Good,0.22180348768356728
replacement top quality energy efficient,learn much save new today,Good,Good,0.19179881852291683
shawnee labor,durable beautiful andersen call save free estimate fast work,Good,Good,0.09065192181986732
home depot installation professional,free estimate schedule appointment online,Good,Good,0.19026059766179765
professional installation,qualifying installation apr month,Good,Good,0.13545709229571928
replacement contractor world western chicago,quality product professional installation unbeatable value call today,Good,Good,0.1270321451847406
vinyl installation zero pressure cost quote,wait call zero obligation fast easy quote easy,Good,Good,0.18110178933147766
memorial day saving visit official site,memorial day saving start shop save near today,Good,Good,0.029741626587270104
replacement service,let labor come replacing assessment special financing option team professional customer satisfaction year labor warranty brand pella reliabilt proline,Good,Good,0.3436215967445456
replacement top quality installation pro,installation home schedule free appointment today special financing,Good,Good,0.20442858111359918
replacement option,qualifying installation apr month limited time promotion special financing option free quote professional installation brand encompass pella series thermastar pella series pella series,Good,Good,0.17965058257760821
energy efficient pay low,let expert help find right solution home free consultation financing available work guaranteed home improvement expert type garden double hung geometric double slider bay bow awning picture patio,Good,Good,0.09607689228305229
replacement installs zero pressure cost quote,wait call zero obligation fast easy quote easy family owned operated year labor warranty truly custom solution licenced insured bbb rating,Good,Good,0.19122542764785352
perfect home high quality low cost,schedule free consultation learn save new,Good,Good,0.08867748269482187
cheap house fast free quote,smart shop house price compare contractor save,Good,Good,0.17614708551003075
used house hurry get free quote,miss limited time deal high quality get started right,Good,Good,0.23145502494313785
home sell install home,expert trust call u free estimate,Good,Good,0.2329679894853162
chicago home get instant free estimate,save big flawless efficient compare deal installation cost,Good,Good,0.23145502494313785
home replacement get new today,top quality energy efficient lifetime warranty get free estimate,Good,Good,0.2713626770646286
perfect home high quality low cost,schedule free consultation learn save new beautiful reliable professional durable friendly service affordable service installation replacement financing thermal scanning,Good,Good,0.08867748269482187
replacement installs zero pressure cost quote,wait call zero obligation fast easy quote easy pressure sale,Good,Good,0.19122542764785352
replacement option,qualifying installation apr month limited time promotion professional installation special financing option free quote,Good,Good,0.17965058257760821
energy efficient feldco,hurry offer end monday get free quote deal end year service,Good,Good,0.1052469623168435
replacement affordable replacement,protect home stylish affordable replacement service sale installation,Good,Good,0.2212297407386972
garden classic garden,classic great price see online gallery photo durable beautiful reliable professional friendly service affordable service installation replacement financing,Good,Good,0.05245929835764225
garden feldco open home,get free quote see many homeowner choose feldco lower energy bill free easy quote served financing available year service style double hung casement bay bow sliding awning picture garden basement,Good,Good,0.1276126454445393
garden amazon official site,shop device apparel book music free shipping qualified order explore amazon device fast shipping read rating review shop best seller deal stream video instantly save low price shop huge selection,Good,Good,0.06419958575350938
garden get best pricing instantly,instant garden quote act find lowest cost exclusive pro save time money energy efficiency saving saving offer style vinyl wood aluminim clad metal fiberglass,Good,Good,0.1920874549819581
garden,check glass top favorite sunny spot,Good,Good,0.055641488407465724
awning style option,qualifying installation apr month,Good,Good,0.039344473768231684
awning seeing believing,everything want connect dealer today,Good,Good,0.039344473768231684
looking awning feldco covered,get free quote see many homeowner choose feldco,Good,Good,0.035190767153889344
picture feldco maximize sunlight home,get free quote see many homeowner choose feldco,Good,Good,0.11814635213770258
custom company see online gallery,beautiful affordable home available friendly service affordable durable reliable beautiful professional type casement garden bow bay picture sliding,Good,Good,0.1652698166373719
energy efficient feldco,hurry offer end monday get free quote deal end served year service financing available lower energy bill free easy quote,Good,Good,0.1052469623168435
find picture zip picture price,find picture price zip code compare picture price today,Good,Good,0.06809394365351064
custom visit olson gallery,major style brand pro installs available call free estimate,Good,Good,0.1276126454445393
top custom make replacing easy,compare custom price zip get custom quote today,Good,Good,0.09578262852211515
custom price find custom zip,find custom price zip code compare custom price today,Good,Good,0.15791259217822953
custom deal special offer discount,smart shop custom price compare contractor save,Good,Good,0.1920874549819581
custom get best pricing instantly,free custom quote quickly compare cost today,Good,Good,0.24549512651549138
bow style option,find perfect home call today free quote,Good,Good,0.039344473768231684
bow feldco maximize sunlight home,get free quote see many homeowner choose feldco year service lower energy bill financing available served free easy quote style double hung casement bay bow sliding awning picture garden basement,Good,Good,0.11814635213770258
bow replacement financing available,replacement company chicago contact u today installation warranty fully insured,Good,Good,0.261281486467507
bow price find bow price zip,find bow price zip code compare bow price today find dealer,Good,Good,0.07413129623330222
top bow make replacing easy,compare bow price zip get bow quote today top brand local deal free quote compare price amenity free estimate compare multiple quote find local deal review top brand,Good,Good,0.03212462831016178
bow deal fast free quote,smart shop bow price compare contractor save lowest cost save electric bill payment month interest custom sizing available service replacement new installation fast contractor quote,Good,Good,0.1920874549819581
double hung option,find perfect home call today free quote,Good,Good,0.07032712259936878
double hung quality great price,trusted name installation since call free quote,Good,Good,0.10467582293051463
double hung end monday,get free quote see many homeowner choose feldco,Good,Good,0.06419958575350938
naperville double hung top il price instantly,free double hung quote naperville deal,Good,Good,0.1180809557152266
double hung free quote chicago pro,replacement free quote minute start,Good,Good,0.19620458863518903
double hung save top product,stop store large variety quality double hung,Good,Good,0.08333333333333333
sliding option,find perfect home call today free quote,Good,Good,0.04543108504242547
sliding naperville il premium quality guaranteed,room huge selection proven performance fast install,Good,Good,0.10451490688928274
slider visit showroom gallery,get world class installation certified tech call free quote,Good,Good,0.06419958575350938
vinyl slider extremely strong durable,call today find perfect replacement next project,Good,Good,0.08894991799933213
beautiful sliding feldco,get free quote see many homeowner choose feldco,Good,Good,0.039344473768231684
sliding visit save,buy quality sliding pickup shop today,Good,Good,0.039344473768231684
replacement call today,buy get free financing expert installation midwest largest dealer free consultation,Good,Good,0.17381449986274955
save replacement get free quote,replacement company chicago contact u today top quality,Good,Good,0.3304135690539768
trustworthy company feldco,hurry offer end monday get free quote deal end year service,Good,Good,0.07850686719788597
replacement option,qualifying installation apr month free quote limited time promotion special financing option professional installation type wood fiberglass steel,Good,Good,0.17965058257760821
top quality lifetime warranty replacement service,award winning energy efficient get free quote free home estimate reduce cost bbb rating industry leading design,Good,Good,0.279175228796523
top naperville pro compare multiple quote free,find naperville replacement pro free insurance every project interest save electric bill lowest cost payment month energy efficient custom sizing available brand andersen pella marvin milgard simonton,Good,Good,0.15534712747612348
free consultation quote,qualifying installation apr month limited time promotion,Good,Good,0.20842004228756245
cheap replacement fast free quote,smart shop quote price compare contractor save save electric bill interest lowest cost payment month style wood vinyl,Good,Good,0.2713626770646286
free quote new top quality lifetime warranty,making home beautiful energy efficient free estimate bbb rating,Good,Good,0.19591020799132033
installation service,get low price hassle book install assessment special financing option customer satisfaction team professional,Good,Good,0.3070118225813345
energy efficient feldco,hurry offer end monday get free quote deal end financing available free easy quote lower energy bill served year service style double hung casement bay bow sliding awning picture garden basement,Good,Good,0.1052469623168435
free home quote find quote zip,find replacement quote zip compare replacement price today top rated local deal top brand free quote find dealer compare price amenity compare price top brand style type find dealer free quote local deal,Good,Good,0.24743582965269675
sale buy get free,midwest largest dealer free quote financing payment free consultation expert installation service siding stone roofing gutter decking attic insulation closet organizer,Good,Good,0.19026059766179765
home replacement service naperville,best price quality replacement glass u right,Good,Good,0.3440882317116739
replacement cost quick price search zipcode,free replacement quote instantly compare price save,Good,Good,0.13741242748232818
cheap estimate fast free quote,smart shop local estimate compare contractor save,Good,Good,0.17614708551003075
vinyl replacement made chicago since,energy efficient built last request free estimate today,Good,Good,0.16477051091432687
local replacement grieff exterior service,family owned business providing top quality replacement home,Good,Good,0.2597535114562827
average home cost find cost zip code,find average cost zip code compare average cost today,Good,Good,0.07419290502442469
much fast free quote,smart shop local price compare contractor save,Good,Good,0.19026059766179765
much replacement much replacement,find much replacement related article search,Good,Good,0.17965058257760821
best replacement end monday,money interest year get free quote free estimate,Good,Good,0.13915674289190738
replacement sale,beautiful custom beldon call free quote day lifetime warranty family owned operated bogo year experience rapid installation time service installation repair replacement,Good,Good,0.17965058257760821
replacement cost find cost zip code,find replacement cost zip code compare replacement cost today free quote find dealer local deal compare price top brand top rated,Good,Good,0.10372131221125519
replacement option,qualifying installation apr month professional installation free quote limited time promotion special financing option style bay bow sliding casement double hung awning,Good,Good,0.17965058257760821
replacement quick price search zipcode,free replacement quote instantly compare price save local installers low maintenance find top deal type awning bay bow casement double hung picture egress single hung fixed garden,Good,Good,0.14690006409251194
top naperville pro compare multiple quote free,find naperville replacement pro free insurance every project lowest cost energy efficient save electric bill interest custom sizing available payment month brand andersen pella marvin milgard simonton,Good,Good,0.15534712747612348
replacement deal fast free quote,smart shop local price compare contractor save,Good,Good,0.2713626770646286
home repair naperville glass replacement freequote,fully insured rated best price repair american brand,Good,Good,0.19122542764785352
friendly home replacement,premium quality competitive pricing,Good,Good,0.2418831591627808
local installation money interest,beautiful custom beldon call,Good,Good,0.10492461251740035
home installation quality workmanship,transform home upgrading today,Good,Good,0.19026059766179765
quality installation feldco,hurry offer end monday get free quote deal end,Good,Good,0.11730928305086626
top naperville installers get multiple free quote today,find naperville installers shop multiple quote save big act right,Good,Good,0.20935894733965593
nfrc performance rating find best energy saver,easily compare product make best purchase decision start,Good,Good,0.10435473069264431
replacement deal fast free quote,smart find best price compare contractor save,Good,Good,0.2713626770646286
top contractor energy efficient,expert help find right solution home,Good,Good,0.09607689228305229
flagstaff hurry get free quote,miss limited time deal high quality get started right,Good,Good,0.24549512651549138
best fast free quote,smart find best price compare contractor save interest,Good,Good,0.19026059766179765
energy efficient feldco,hurry offer end monday get free quote deal end financing available lower energy bill served year service free easy quote,Good,Good,0.1052469623168435
top home company find company zip,find top replacement company zip code compare price today top rated top brand compare price find dealer local deal free quote amenity compare price top brand style type find dealer free quote local deal,Good,Good,0.15137125538162838
sale buy get free,midwest largest dealer free quote financing payment free consultation expert installation service siding stone roofing gutter decking,Good,Good,0.19026059766179765
special recommended company,bbb rated year experience best special chicagoland free upgrade easy financing bbb rating year business type double hung single hung commercial vinyl,Good,Good,0.1052469623168435
top company make replacing easy,compare company price zip get best company quote today local deal top brand free quote compare price amenity free estimate compare multiple quote find local deal review top brand,Good,Good,0.06410058864642094
top rated replacement top rated replacement,find best result around web relevant answer easy explore fast relevant info browse result type home improvement garden recipe idea,Good,Good,0.17381449986274955
